{"Acne": 0.000344652624, "Eksim": 0.00364368525, "Normal": 0.995915, "Rosacea": 9.66665757e-05}